,ph,Hardness,Solids,Chloramines,Sulfate,Conductivity,Organic_carbon,Trihalomethanes,Turbidity,Potability
count,1998.0,1998.0,1998.0,1998.0,1998.0,1998.0,1998.0,1998.0,1998.0,1998.0
mean,7.084658038307914,196.73329218472793,21777.490788123265,7.092174563443736,334.37169982477275,426.7304535650347,14.364335279947,66.3085217050362,3.965799769125516,0.0
std,1.5454898005767086,31.05753969900645,8543.068787971217,1.501044941498872,31.943666986742794,80.04731660779781,3.3345535500681556,15.64263591117899,0.7802823623252461,0.0
min,0.0,98.45293050958628,320.942611274359,1.6839925807280034,203.4445207741574,181.483753985146,4.371898608441143,0.7379999999999995,1.45,0.0
25%,6.2240463344916,177.8232653682253,15663.057381523733,6.155640437909429,319.35471539039173,368.498530340044,12.101057280950585,56.44183137184816,3.444062439805613,0.0
50%,7.080794504276835,197.12342321605394,20809.618279605398,7.090333864655992,333.7757766108135,422.2293312022622,14.293507768607896,66.39629294676803,3.9480762530520357,0.0
75%,7.940696659259144,216.12068744533372,27006.24900913948,8.066461949592473,348.316746337093,480.67719789237174,16.64948500372357,76.51884869113256,4.496106034303861,0.0
max,13.999999999999998,304.23591211231667,61227.19600771213,12.653362021943142,460.1070689926536,753.3426195583046,28.30000000000001,120.03007700530677,6.739,0.0
